Food,Nutrition Value (per 100g),Quantity,Originated From,Calories,Protein (g),Fiber (g),Vitamin C (mg),Antioxidant Score,Quantity (g)
Kale,"High in Vitamins A, C, K","1 cup, chopped",Ancient Greece,49,4.3,3.6,93.4,1770,150
Blueberries,High in Antioxidants,1 cup,North America,84,1.1,3.6,14.4,9621,240
Salmon,Rich in Omega-3 Fatty Acids,3 oz,North Pacific Ocean,208,22.1,0.0,0.0,689,85
Garlic,Contains Allicin,1 clove,Central Asia,4,0.2,0.1,0.9,5708,5
Spinach,High in Iron and Folate,"1 cup, raw",Ancient Persia,23,2.9,2.2,28.1,1515,240
Almonds,Good Source of Vitamin E,1 oz (23 nuts),Middle East,164,6.0,3.5,0.0,4454,28
Broccoli,High in Vitamin C and K,"1 cup, chopped",Italy,31,2.5,2.4,81.2,1510,150
Avocado,Rich in Healthy Fats,1 medium,Central America,320,4.0,13.5,10.0,1922,182
Quinoa,Complete Protein Source,"1 cup, cooked",South America,222,8.1,5.2,0.0,1808,250
Lentils,High in Protein and Fiber,"1 cup, cooked",Middle East,230,17.9,15.6,2.1,7282,250
Sweet Potato,Rich in Beta-Carotene,1 medium,Central/South America,103,2.3,3.8,22.3,14187,182
Green Tea,High in Catechins,"1 cup, brewed",China,2,0.5,0.0,0.0,1253,240
Turmeric,Contains Curcumin,"1 tsp, ground",India,9,0.3,0.7,0.5,127068,5
Eggs,Complete Protein Source,1 large,Worldwide,72,6.3,0.0,0.0,705,200
Chia Seeds,High in Omega-3 and Fiber,1 oz,Central America,138,4.7,10.6,0.1,8983,28
Greek Yogurt,High in Protein and Probiotics,6 oz,Greece,100,17.3,0.0,0.0,1050,170
Pomegranate,Rich in Antioxidants,1 medium,Middle East,234,4.7,11.3,28.8,10500,182
Walnuts,Good Source of Omega-3,1 oz (14 halves),Ancient Persia,185,4.3,1.9,0.4,13541,28
Ginger,Anti-inflammatory Properties,"1 tbsp, grated",Southeast Asia,4,0.1,0.2,0.7,14840,6
Olive Oil,Rich in Monounsaturated Fats,1 tbsp,Mediterranean Region,119,0.0,0.0,0.0,1150,14
Beets,High in Nitrates,"1 cup, raw",Mediterranean Region,58,2.2,3.8,6.7,1776,240
Sardines,Rich in Omega-3 and Vitamin D,"3.75 oz, canned",Mediterranean Sea,191,22.7,0.0,0.0,1328,106
Mushrooms,Good Source of Selenium,"1 cup, raw",Worldwide,15,2.2,1.0,2.8,692,240
Tomatoes,High in Lycopene,1 medium,South America,22,1.1,1.5,15.6,1595,182
Oats,Rich in Beta-Glucan,"1 cup, cooked",Europe,166,5.9,4.0,0.0,1606,250
Flaxseeds,High in Lignans,"1 tbsp, ground",Middle East,37,1.3,1.9,0.1,8983,5
Brussels Sprouts,High in Vitamin K,"1 cup, cooked",Ancient Rome,56,4.0,4.1,96.7,980,250
Pumpkin Seeds,Rich in Magnesium,1 oz,North America,151,7.0,1.7,0.5,2500,28
Black Beans,High in Fiber and Protein,"1 cup, cooked",South America,227,15.2,15.0,0.0,8494,250
Green Peas,Good Source of Vitamin K,"1 cup, cooked",Mediterranean Region,134,8.6,8.8,13.7,1754,250
Asparagus,High in Folate,"1 cup, cooked",Eastern Mediterranean,27,2.9,2.8,12.3,2021,250
Blackberries,Rich in Antioxidants,1 cup,Worldwide,62,2.0,7.6,30.2,5905,240
Wild Rice,High in Protein and Fiber,"1 cup, cooked",North America,166,6.5,3.0,0.0,1506,250
Seaweed,Rich in Iodine,"1 sheet, nori",Japan,1,0.1,0.3,0.7,3300,3
Cauliflower,"Low in Calories, High in Nutrients","1 cup, raw",Cyprus,25,2.0,2.5,48.2,1058,240
Coconut Oil,Contains Medium-Chain Triglycerides,1 tbsp,Southeast Asia,121,0.0,0.0,0.0,0,14
Red Bell Peppers,High in Vitamin C,"1 cup, chopped",Central/South America,46,1.5,3.1,190.0,1558,150
Watercress,High in Vitamin K,"1 cup, chopped",Europe,4,0.8,0.2,14.6,1785,150
Artichokes,High in Fiber,1 medium,Mediterranean Region,60,4.2,6.9,8.9,9416,182
Cherries,Contains Melatonin,"1 cup, with pits",Asia Minor,97,1.6,3.2,10.8,3747,150
Mango,High in Vitamin A,"1 cup, sliced",South Asia,99,1.4,2.6,60.1,1300,150
Pistachios,Good Source of Vitamin B6,1 oz (49 kernels),Central Asia,159,5.7,3.0,0.7,7675,28
Kiwi,High in Vitamin C,1 medium,China,42,0.8,2.1,64.0,1210,182
Oranges,Rich in Vitamin C,1 medium,Southeast Asia,62,1.2,3.1,69.7,1819,182
Chickpeas,High in Protein and Fiber,"1 cup, cooked",Middle East,269,14.5,12.5,2.1,1283,250
Papaya,Contains Papain Enzyme,"1 cup, cubed",Central America,62,0.9,2.5,168.0,1532,165
Cabbage,"Low in Calories, High in Vitamin K","1 cup, chopped",Europe,22,1.1,2.2,36.6,508,150
Brazil Nuts,High in Selenium,1 oz (6-8 nuts),South America,186,4.1,2.1,0.2,1419,28
Cantaloupe,High in Vitamin A,"1 cup, cubed",Middle East/Africa,54,1.3,1.4,59.4,270,165
Edamame,Good Source of Plant-Based Protein,"1 cup, shelled",East Asia,188,18.4,8.0,6.1,1510,140
Apples,Rich in Quercetin,1 medium,Central Asia,95,0.5,4.4,8.4,3049,182
Brown Rice,Good Source of Manganese,"1 cup, cooked",Asia,216,5.0,3.5,0.0,1523,250
Figs,High in Calcium,1 medium,Western Asia,37,0.4,1.4,1.2,521,182
Turnips,"Low in Calories, High in Vitamin C","1 cup, cubed",Europe/West Asia,36,1.1,2.3,27.3,575,165
Hemp Seeds,Good Balance of Omega-3 and Omega-6,3 tbsp,Central Asia,166,9.5,1.2,0.1,6000,42
Butternut Squash,High in Vitamin A,"1 cup, cubed",North America,63,1.4,2.8,31.0,1144,165
Red Grapes,Contains Resveratrol,1 cup,Mediterranean Region,104,1.1,1.4,3.2,1789,240
Pineapple,Contains Bromelain,"1 cup, chunks",South America,82,0.9,2.3,78.9,385,180
Collard Greens,High in Vitamin K,"1 cup, chopped",Ancient Greece,11,1.1,1.4,12.7,1067,150
Sunflower Seeds,High in Vitamin E,1 oz,North America,164,5.8,2.4,0.7,6372,28
Raspberries,High in Ellagic Acid,1 cup,Northern Europe/Asia,64,1.5,8.0,32.2,4882,240
Clams,High in Vitamin B12,3 oz,Worldwide,126,22.0,0.0,22.1,7980,85
Grapefruit,"Low in Calories, High in Vitamin C",1/2 medium,Caribbean,52,0.9,2.0,88.1,1548,91
Kidney Beans,High in Molybdenum,"1 cup, cooked",Central America,225,15.3,11.3,4.1,8606,250
Lemons,High in Vitamin C,1 medium,Southeast Asia,17,0.6,1.6,30.7,1225,182
Arugula,Good Source of Nitrates,2 cups,Mediterranean Region,10,1.2,0.8,5.4,1904,480
Onions,Contains Quercetin,"1 cup, chopped",Central Asia,64,1.8,2.9,11.8,913,150
Zucchini,"Low in Calories, High in Vitamin C","1 cup, sliced",Central America,19,1.4,1.1,22.2,180,150
Mackerel,Rich in Omega-3 Fatty Acids,"3 oz, cooked",Worldwide,231,20.8,0.0,0.0,393,85
Acai Berries,High in Anthocyanins,"100g, pulp",South America,70,1.0,2.0,0.0,15405,100
Cucumber,"Low in Calories, High in Water Content","1 cup, sliced",India,16,0.7,0.5,2.9,140,150
Peanuts,Good Source of Biotin,1 oz,South America,161,7.3,2.4,0.0,1393,28
Eggplant,"Low in Calories, High in Fiber","1 cup, cubed",India,20,0.8,2.5,1.8,980,165
Parsley,High in Vitamin K,"1/4 cup, chopped",Mediterranean Region,4,0.3,0.4,13.3,1301,37
Cayenne Pepper,Contains Capsaicin,"1 tsp, ground",South America,6,0.3,0.6,1.6,50314,5
Watermelon,High in Lycopene,"1 cup, diced",Africa,46,0.9,0.6,12.3,182,150
Radishes,"Low in Calories, High in Vitamin C","1 cup, sliced",Southeast Asia,19,0.8,1.9,17.2,387,150
Bok Choy,High in Vitamin A and C,"1 cup, shredded",China,9,1.1,1.0,45.2,1511,85
Tuna,High in Protein and Omega-3,"3 oz, canned in water",Worldwide,99,22.0,0.0,0.0,415,85
Crimini Mushrooms,Good Source of Selenium,"1 cup, sliced",Europe/North America,19,2.9,0.7,2.1,885,150
Cranberries,High in Proanthocyanidins,"1 cup, whole",North America,46,0.4,3.6,13.3,9584,240
Tahini,Good Source of Calcium,1 tbsp,Middle East,89,2.6,1.4,0.0,276,14
Cinnamon,May Help Lower Blood Sugar,"1 tsp, ground",Sri Lanka,6,0.1,1.4,0.1,131420,5
Miso,Rich in Probiotics,1 tbsp,Japan,34,2.2,0.8,0.1,1125,14
Mustard Greens,High in Vitamin K,"1 cup, chopped",India,15,1.6,1.8,39.3,3024,150
Celery,"Low in Calories, High in Vitamin K","1 cup, chopped",Mediterranean Region,16,0.7,1.6,3.1,670,150
Endive,"Low in Calories, High in Vitamin K","1 cup, chopped",Mediterranean Region,8,0.5,1.6,2.1,1052,150
Kohlrabi,Good Source of Vitamin C,"1 cup, sliced",Northern Europe,36,2.3,4.9,83.7,944,150
Natto,High in Vitamin K2,1/4 cup,Japan,100,8.4,2.8,13.0,6680,60
Sauerkraut,Rich in Probiotics,1/2 cup,China,13,0.7,2.9,14.7,705,120
Tempeh,High in Protein and Probiotics,3 oz,Indonesia,162,17.0,3.5,0.0,1800,85
Swiss Chard,High in Vitamins A and K,"1 cup, chopped",Mediterranean Region,7,0.6,0.6,10.8,1770,150
Nutritional Yeast,Good Source of B Vitamins,1 tbsp,Worldwide,20,3.0,1.0,0.0,790,14
Pomelo,High in Vitamin C,"1 cup, sections",Southeast Asia,72,1.4,2.4,115.3,1548,150
Radicchio,"Low in Calories, High in Vitamin K","1 cup, shredded",Italy,9,0.6,0.4,2.6,1016,85
Jicama,Good Source of Vitamin C,"1 cup, sliced",Mexico,46,0.9,6.4,20.2,406,150
Wakame Seaweed,High in Fucoxanthin,"1 cup, raw",Japan,5,0.3,0.4,3.0,2115,240
Dragon Fruit,Good Source of Antioxidants,"1 cup, cubed",Central/South America,136,2.9,7.0,9.0,2551,165
